{
    "yield_Bplus_DK": 59327.71859901795,
    "yield_Bminus_DK": 60014.21520946178,
    "signal_mean_DK": 5279.966854136311,
    "signal_width_DK": 13.58215780598149,
    "c10_DK_Kspipi_DD": -0.14784968007986732,
    "c20_DK_Kspipi_DD": -0.37547881239705266,
    "c01_DK_Kspipi_DD": -0.0019398740799594456,
    "c02_DK_Kspipi_DD": -0.5969302899564941,
    "c11_DK_Kspipi_DD": -0.03485261143067574,
    "c21_DK_Kspipi_DD": -0.02937187302567677,
    "c12_DK_Kspipi_DD": 0.23893060441183675,
    "c22_DK_Kspipi_DD": -0.3948822506424213,
    "c30_DK_Kspipi_DD": -0.059195045729873934,
    "c40_DK_Kspipi_DD": -0.018745595394318557,
    "c50_DK_Kspipi_DD": -0.025598785053696838,
    "c04_DK_Kspipi_DD": -0.24536786785051146,
    "c24_DK_Kspipi_DD": 0.14115518260694682,
    "c32_DK_Kspipi_DD": -0.3339293005751974,
    "c34_DK_Kspipi_DD": -0.3707021978286624,
    "c42_DK_Kspipi_DD": 0.6482282906207394,
    "c44_DK_Kspipi_DD": 0.5344148367652422
}