{
    "yield_Bplus_Dpi_misID": 231.99228259488228,
    "yield_Bminus_Dpi_misID": 214.98710530402474,
    "c10_Dpi_Kspipi_misID_DD_Bplus": -0.22987662367902514,
    "c20_Dpi_Kspipi_misID_DD_Bplus": -0.5094004984286621,
    "c01_Dpi_Kspipi_misID_DD_Bplus": 0.2200332428836786,
    "c02_Dpi_Kspipi_misID_DD_Bplus": -0.029011876086435316,
    "c11_Dpi_Kspipi_misID_DD_Bplus": -0.33926878847983993,
    "c21_Dpi_Kspipi_misID_DD_Bplus": 0.5320330342085677,
    "c12_Dpi_Kspipi_misID_DD_Bplus": -0.16307410963427624,
    "c22_Dpi_Kspipi_misID_DD_Bplus": -0.5071262206885366,
    "c30_Dpi_Kspipi_misID_DD_Bplus": 0.035101409807037534
}